date,time,task

2024-01-17,08:00, i am going to hell
2024-01-17,08:00, i need to go to the mall
2024-01-18,08:00,I wanna go to a party
2024-01-18,01:00,I wanna go to a party at 2 pm
2024-01-18,08:00,I wanna go to the mall
2025-01-08,05:50,I wanna go to the moon at 11 am in the morning
2024-01-18,08:00,I wanna go to the mall at morning
2024-01-18,08:00,I wanna go to the mall
2024-01-18,08:00,I wanna go to the mall
2025-01-05,08:00,I wanna go to a party at 5 a.m.
2025-01-05,08:00,I wanna go to a party at 5 a.m.
